{
  "suitonn": {
    "sounds": [
      "suiton"
    ],
    "category": "player"
  },
  "lighton": {
    "sounds": [
      "on1"
    ],
    "category": "player"
  },
  "fateon": {
    "sounds": [
      "fateon"
    ],
    "category": "player"
  },
  "fateoff": {
    "sounds": [
      "fateoff"
    ],
    "category": "player"
  },
  "ssjlon": {
    "sounds": [
      "ssjlon"
    ],
    "category": "player"
  },
  "reverserun": {
    "sounds": [
      "reverserun"
    ],
    "category": "player"
  },
  "zoomrun": {
    "sounds": [
      "zoomrun"
    ],
    "category": "player"
  },
  "flashrun": {
    "sounds": [
      "flashrun"
    ],
    "category": "player"
  },
  "symbioteoff": {
    "sounds": [
      "symbioteoff"
    ],
    "category": "player"
  },
  "symbioteon": {
    "sounds": [
      "symbioteon"
    ],
    "category": "player"
  },
  "tp": {
    "sounds": [
      "tp"
    ],
    "category": "player"
  },
  "kisot": {
    "sounds": [
      "kisot"
    ],
    "category": "player"
  },
  "kiloopblue": {
    "sounds": [
      "aurab"
    ],
    "category": "player"
  },
  "ssjblueon": {
    "sounds": [
      "ssjblue"
    ],
    "category": "player"
  },
  "finalflash": {
    "sounds": [
      "finalflash"
    ],
    "category": "player"
  },
  "han": {
    "sounds": [
      "han"
    ],
    "category": "player"
  },
  "ssjon": {
    "sounds": [
      "ssjon"
    ],
    "category": "player"
  },
  "kiloop": {
    "sounds": [
      "kiloop"
    ],
    "category": "player"
  },
  "jumpki": {
    "sounds": [
      "jumpki1",
      "jumpki2"
    ],
    "category": "player"
  },
  "helmet": {
    "sounds": [
      "helmet1",
      "helmet2"
    ],
    "category": "player"
  },
  "grabhelmet": {
    "sounds": [
      "grabhelmet1",
      "grabhelmet2",
      "grabhelmet3",
      "grabhelmet4",
      "grabhelmet5",
      "grabhelmet6"
    ],
    "category": "player"
  },
  "blackadam": {
    "sounds": [
      "blackadam1",
      "blackadam2",
      "blackadam3"
    ],
    "category": "player"
  },
  "ligt": {
    "sounds": [
      "ligt1",
      "ligt2",
      "ligt3",
      "ligt4",
      "ligt5"
    ],
    "category": "player"
  },
  "rayo": {
    "sounds": [
      "rayo1",
      "rayo2",
      "rayo3",
      "rayo4"
    ],
    "category": "player"
  },
  "pun": {
    "sounds": [
      "p1",
      "p2",
      "p3",
      "p4",
      "p5",
      "p6"
    ],
    "category": "player"
  },
  "web": {
    "sounds": [
      "web1",
      "web2",
      "web3",
      "web4"
    ],
    "category": "player"
  },
  "kame": {
    "sounds": [
      "kame1",
      "kame3",
      "kame2"
    ],
    "category": "player"
  },
  "punch": {
    "sounds": [
      "punch1",
      "punch2",
      "punch3",
      "punch4",
      "punch5",
      "punch6"
    ],
    "category": "player"
  },
  "ha": {
    "sounds": [
      "ha1",
      "ha2",
      "ha3",
      "ha4",
      "ha5",
      "ha6"
    ],
    "category": "player"
  },
  "gokublock": {
    "sounds": [
      "gokublock1",
      "gokublock2",
      "gokublock3",
      "gokublock4",
      "gokublock5"
    ],
    "category": "player"
  },
  "gokublackblock": {
    "sounds": [
      "gokublackblock1",
      "gokublackblock2",
      "gokublackblock3",
      "gokublackblock4",
      "gokublackblock5",
      "gokublackblock6"
    ],
    "category": "player"
  },
  "brolyblock": {
    "sounds": [
      "brolyblock1",
      "brolyblock2",
      "brolyblock3",
      "brolyblock4",
      "brolyblock5"
    ],
    "category": "player"
  },
  "hablackcharge": {
    "sounds": [
      "hablackcharge"
    ],
    "category": "player"
  },
  "hablack": {
    "sounds": [
      "hablack1",
      "hablack2",
      "hablack3",
      "hablack4",
      "null"
    ],
    "category": "player"
  },
  "vegetablock": {
    "sounds": [
      "vegetablock1",
      "vegetablock2",
      "vegetablock3",
      "vegetablock4"
    ],
    "category": "player"
  },
  "gokussj": {
    "sounds": [
      "null",
      "null",
      "gokussj1",
      "null",
      "null",
      "gokussj2",
      "null",
      "null",
      "gokussj3",
      "null",
      "null",
      "gokussj4",
      "null",
      "null",
      "gokussj5",
      "null",
      "null"
    ],
    "category": "player"
  },
  "blackssj": {
    "sounds": [
      "null",
      "null",
      "blackssj1",
      "null",
      "null",
      "blackssj2",
      "null",
      "null",
      "blackssj3",
      "null",
      "null",
      "blackssj4",
      "null",
      "null",
      "blackssj5",
      "null",
      "null",
      "blackssj6",
      "null",
      "null",
      "blackssj7",
      "null",
      "null",
      "blackssj8",
      "null",
      "null",
      "blackssj9",
      "null",
      "null"
    ],
    "category": "player"
  },
  "gokussjb": {
    "sounds": [
      "null",
      "null",
      "gokussjb1",
      "null",
      "null",
      "gokussjb2",
      "null",
      "null",
      "gokussjb3",
      "null",
      "null",
      "gokussjb4",
      "null",
      "null",
      "gokussjb5",
      "null",
      "null"
    ],
    "category": "player"
  },
  "vegetassj": {
    "sounds": [
      "null",
      "null",
      "vegetassj1",
      "null",
      "null",
      "vegetassj2",
      "null",
      "null",
      "vegetassj3",
      "null",
      "null",
      "vegetassj4",
      "null",
      "null",
      "vegetassj5",
      "null",
      "null"
    ],
    "category": "player"
  },
  "vegetassjb": {
    "sounds": [
      "null",
      "null",
      "vegetassjb1",
      "null",
      "null",
      "vegetassjb2",
      "null",
      "null",
      "vegetassjb3",
      "null",
      "null",
      "vegetassjb4",
      "null",
      "null",
      "vegetassjb5",
      "null",
      "null"
    ],
    "category": "player"
  },
  "ssjoff": {
    "sounds": [
      "ssjoff"
    ],
    "category": "player"
  },
  "guardar": {
    "sounds": [
      "guardar"
    ],
    "category": "player"
  },
  "sacar": {
    "sounds": [
      "sacar"
    ],
    "category": "player"
  },
  "kbum": {
    "sounds": [
      "kbum"
    ],
    "category": "player"
  },
  "suitofff": {
    "sounds": [
      "suitoff"
    ],
    "category": "player"
  },
  "kblock": {
    "sounds": [
      "kblock1",
      "kblock2",
      "kblock3",
      "kblock4",
      "kblock5"
    ],
    "category": "player"
  },
  "slash": {
    "sounds": [
      "slash1",
      "slash2",
      "slash3",
      "slash4",
      "slash5",
      "slash6",
      "slash7",
      "slash8",
      "slash9",
      "slash10"
    ],
    "category": "player"
  },
  "unibeam": {
    "sounds": [
      "unibeam"
    ],
    "category": "player"
  },
  "ironjump": {
    "sounds": [
      "ironjump"
    ],
    "category": "player"
  },
  "hum1": {
    "sounds": [
      "hum1"
    ],
    "category": "player"
  },
  "obigrab": {
    "sounds": [
      "obigrab"
    ],
    "category": "player"
  },
  "ironwalk": {
    "sounds": [
      "ironwalk"
    ],
    "category": "player"
  },
  "ironpunch": {
    "sounds": [
      "ironpunch"
    ],
    "category": "player"
  },
  "mark45on": {
    "sounds": [
      "mark45on"
    ],
    "category": "player"
  },
  "mark45off": {
    "sounds": [
      "mark45off"
    ],
    "category": "player"
  },
  "forcepush": {
    "sounds": [
      "forcepush"
    ],
    "category": "player"
  },
  "hellothere": {
    "sounds": [
      "hellothere"
    ],
    "category": "player"
  },
  "forcejump": {
    "sounds": [
      "forcejump"
    ],
    "category": "player"
  },
  "grabli": {
    "sounds": [
      "on11"
    ],
    "category": "player"
  },
  "grabli2": {
    "sounds": [
      "off11"
    ],
    "category": "player"
  },
  "sadow": {
    "sounds": [
      "sadow"
    ],
    "category": "player"
  },
  "chokehum": {
    "sounds": [
      "chokehum"
    ],
    "category": "player"
  },
  "choke": {
    "sounds": [
      "choke"
    ],
    "category": "player"
  },
  "gar": {
    "sounds": [
      "gar"
    ],
    "category": "player"
  },
  "lightoff": {
    "sounds": [
      "ligoff1",
      "ligoff2",
      "ligoff3"
    ],
    "category": "player"
  },
  "block": {
    "sounds": [
      "block1",
      "block2",
      "block3",
      "block4",
      "block5",
      "block6",
      "block7",
      "block8"
    ],
    "category": "player"
  },
  "block2": {
    "sounds": [
      "block1",
      "block2",
      "block3",
      "block4",
      "block5",
      "block6",
      "block7",
      "block8"
    ],
    "category": "player"
  },
  "bum": {
    "sounds": [
      "bum1",
      "bum2",
      "bum3",
      "bum4",
      "bum5",
      "bum6"
    ],
    "category": "player"
  },
  "hit": {
    "sounds": [
      "hit1",
      "hit2",
      "hit3",
      "hit4",
      "hit5",
      "hit6",
      "hit7",
      "hit8",
      "hit9",
      "hit10"
    ],
    "category": "player"
  },
  "weap": {
    "sounds": [
      "weap1",
      "weap2"
    ],
    "category": "player"
  },
  "spiderwoosh": {
    "sounds": [
      "spiderwoosh1",
      "spiderwoosh2",
      "spiderwoosh3"
    ],
    "category": "player"
  },
  "raimi": {
    "sounds": [
      "raimi1",
      "raimi2",
      "raimi3"
    ],
    "category": "player"
  },
  "blacksuit": {
    "sounds": [
      "blacksuit",
      "blacksuit1",
      "blacksuit1",
      "blacksuit1",
      "blacksuit1"
    ],
    "category": "player"
  },
  "grab": {
    "sounds": [
      "grab1",
      "grab2",
      "grab3"
    ],
    "category": "player"
  },
  "jump": {
    "sounds": [
      "jump1",
      "jump2"
    ],
    "category": "player"
  }
}