{
  "suitonn": {
    "sounds": [
      "suiton"
    ],
    "category": "player"
  },
  "lighton": {
    "sounds": [
      "on1"
    ],
    "category": "player"
  },
  "dinoon": {
    "sounds": [
      "dinoon1",
      "dinoon2"
    ],
    "category": "player"
  },
  "dinooff": {
    "sounds": [
      "dinooff"
    ],
    "category": "player"
  },
  "guardar": {
    "sounds": [
      "guardar"
    ],
    "category": "player"
  },
  "sacar": {
    "sounds": [
      "sacar"
    ],
    "category": "player"
  },
  "kbum": {
    "sounds": [
      "kbum"
    ],
    "category": "player"
  },
  "suitofff": {
    "sounds": [
      "suitoff"
    ],
    "category": "player"
  },
  "kblock": {
    "sounds": [
      "kblock1",
      "kblock2",
      "kblock3",
      "kblock4",
      "kblock5"
    ],
    "category": "player"
  },
  "slash": {
    "sounds": [
      "slash1",
      "slash2",
      "slash3",
      "slash4",
      "slash5",
      "slash6",
      "slash7",
      "slash8",
      "slash9",
      "slash10"
    ],
    "category": "player"
  },
  "unibeam": {
    "sounds": [
      "unibeam"
    ],
    "category": "player"
  },
  "ironjump": {
    "sounds": [
      "ironjump"
    ],
    "category": "player"
  },
  "hum1": {
    "sounds": [
      "hum1"
    ],
    "category": "player"
  },
  "obigrab": {
    "sounds": [
      "obigrab"
    ],
    "category": "player"
  },
  "ironwalk": {
    "sounds": [
      "ironwalk"
    ],
    "category": "player"
  },
  "ironpunch": {
    "sounds": [
      "ironpunch"
    ],
    "category": "player"
  },
  "mark45on": {
    "sounds": [
      "mark45on"
    ],
    "category": "player"
  },
  "mark45off": {
    "sounds": [
      "mark45off"
    ],
    "category": "player"
  },
  "forcepush": {
    "sounds": [
      "forcepush"
    ],
    "category": "player"
  },
  "hellothere": {
    "sounds": [
      "hellothere"
    ],
    "category": "player"
  },
  "forcejump": {
    "sounds": [
      "forcejump"
    ],
    "category": "player"
  },
  "grabli": {
    "sounds": [
      "on11"
    ],
    "category": "player"
  },
  "grabli2": {
    "sounds": [
      "off11"
    ],
    "category": "player"
  },
  "sadow": {
    "sounds": [
      "sadow"
    ],
    "category": "player"
  },
  "chokehum": {
    "sounds": [
      "chokehum"
    ],
    "category": "player"
  },
  "choke": {
    "sounds": [
      "choke"
    ],
    "category": "player"
  },
  "gar": {
    "sounds": [
      "gar"
    ],
    "category": "player"
  },
  "lightoff": {
    "sounds": [
      "ligoff1",
      "ligoff2",
      "ligoff3"
    ],
    "category": "player"
  },
  "block": {
    "sounds": [
      "block1",
      "block2",
      "block3",
      "block4",
      "block5",
      "block6",
      "block7",
      "block8"
    ],
    "category": "player"
  },
  "block2": {
    "sounds": [
      "block1",
      "block2",
      "block3",
      "block4",
      "block5",
      "block6",
      "block7",
      "block8"
    ],
    "category": "player"
  },
  "bum": {
    "sounds": [
      "bum1",
      "bum2",
      "bum3",
      "bum4",
      "bum5",
      "bum6"
    ],
    "category": "player"
  },
  "hit": {
    "sounds": [
      "hit1",
      "hit2",
      "hit3",
      "hit4",
      "hit5",
      "hit6",
      "hit7",
      "hit8",
      "hit9",
      "hit10"
    ],
    "category": "player"
  },
  "weap": {
    "sounds": [
      "weap1",
      "weap2"
    ],
    "category": "player"
  },
  "spiderwoosh": {
    "sounds": [
      "spiderwoosh1",
      "spiderwoosh2",
      "spiderwoosh3"
    ],
    "category": "player"
  },
  "raimi": {
    "sounds": [
      "raimi1",
      "raimi2",
      "raimi3"
    ],
    "category": "player"
  },
  "blacksuit": {
    "sounds": [
      "blacksuit",
      "blacksuit1",
      "blacksuit1",
      "blacksuit1",
      "blacksuit1"
    ],
    "category": "player"
  },
  "grab": {
    "sounds": [
      "grab1",
      "grab2",
      "grab3"
    ],
    "category": "player"
  },
  "jump": {
    "sounds": [
      "jump1",
      "jump2"
    ],
    "category": "player"
  }
}